{"cameraMode":{"drawMode":0,"name":"Shaded","section":"Shading Mode"},"sceneLighting":false,"audioPlay":false,"sceneViewState":{"showFog":true,"showMaterialUpdate":false,"showSkybox":false,"showFlares":true,"showImageEffects":true,"showParticleSystems":true},"in2DMode":false,"pivot":{"x":0.4473235607147217,"y":4.593407154083252,"z":-9.951055526733399},"rotation":{"x":-0.18373998999595643,"y":-0.015632474794983865,"z":0.002944858046248555,"w":-0.9828723669052124},"size":0.000017320508050033823,"orthographic":false}