{"cameraMode":{"drawMode":0,"name":"Shaded","section":"Shading Mode"},"sceneLighting":false,"audioPlay":false,"sceneViewState":{"showFog":true,"showMaterialUpdate":false,"showSkybox":false,"showFlares":true,"showImageEffects":true,"showParticleSystems":true},"in2DMode":false,"pivot":{"x":1.1920928955078126e-7,"y":-0.9146991968154907,"z":0.0},"rotation":{"x":-0.18373998999595643,"y":-0.015632474794983865,"z":0.002944858046248555,"w":-0.9828723669052124},"size":3.0843048095703127,"orthographic":false}