{"cameraMode":{"drawMode":0,"name":"Shaded","section":"Shading Mode"},"sceneLighting":false,"audioPlay":false,"sceneViewState":{"showFog":true,"showMaterialUpdate":false,"showSkybox":false,"showFlares":true,"showImageEffects":true,"showParticleSystems":true},"in2DMode":false,"pivot":{"x":2.434232711791992,"y":0.1499999761581421,"z":1.2328338623046876},"rotation":{"x":-0.014029454439878464,"y":0.9313625693321228,"z":-0.3621075451374054,"w":-0.03606530278921127},"size":1.4722431898117066,"orthographic":false}