{"cameraMode":{"drawMode":0,"name":"Shaded","section":"Shading Mode"},"sceneLighting":false,"audioPlay":false,"sceneViewState":{"showFog":true,"showMaterialUpdate":false,"showSkybox":false,"showFlares":true,"showImageEffects":true,"showParticleSystems":true},"in2DMode":false,"pivot":{"x":-2.384185791015625e-7,"y":-0.914699137210846,"z":3.5762786865234377e-7},"rotation":{"x":-0.18373998999595643,"y":-0.015632474794983865,"z":0.002944858046248555,"w":-0.9828723669052124},"size":1.684242844581604,"orthographic":false}