{"cameraMode":{"drawMode":0,"name":"Shaded","section":"Shading Mode"},"sceneLighting":false,"audioPlay":false,"sceneViewState":{"showFog":true,"showMaterialUpdate":false,"showSkybox":false,"showFlares":true,"showImageEffects":true,"showParticleSystems":true},"in2DMode":false,"pivot":{"x":4.01651668548584,"y":0.5665349960327148,"z":-2.6246814727783205},"rotation":{"x":-0.18373998999595643,"y":-0.015632474794983865,"z":0.002944858046248555,"w":-0.9828723669052124},"size":12.596583366394043,"orthographic":false}