{"cameraMode":{"drawMode":0,"name":"Shaded","section":"Shading Mode"},"sceneLighting":true,"audioPlay":false,"sceneViewState":{"showFog":true,"showMaterialUpdate":false,"showSkybox":true,"showFlares":true,"showImageEffects":true,"showParticleSystems":true},"in2DMode":false,"pivot":{"x":-0.02799999713897705,"y":0.07999999821186066,"z":2.240000009536743},"rotation":{"x":-0.25481316447257998,"y":0.7208409905433655,"z":-0.3325931429862976,"w":-0.5521954894065857},"size":0.3061862289905548,"orthographic":false}