{"cameraMode":{"drawMode":0,"name":"Shaded","section":"Shading Mode"},"sceneLighting":true,"audioPlay":false,"sceneViewState":{"showFog":true,"showMaterialUpdate":false,"showSkybox":true,"showFlares":true,"showImageEffects":true,"showParticleSystems":true},"in2DMode":false,"pivot":{"x":15.522588729858399,"y":4.854028224945068,"z":18.94331169128418},"rotation":{"x":-0.05330752953886986,"y":0.9464349150657654,"z":-0.23793505132198335,"w":-0.21183404326438905},"size":11.925186157226563,"orthographic":false}