{"cameraMode":{"drawMode":0,"name":"Shaded","section":"Shading Mode"},"sceneLighting":true,"audioPlay":false,"sceneViewState":{"showFog":true,"showMaterialUpdate":false,"showSkybox":true,"showFlares":true,"showImageEffects":true,"showParticleSystems":true},"in2DMode":false,"pivot":{"x":2.434232711791992,"y":-3.277698040008545,"z":1.2328338623046876},"rotation":{"x":0.14586612582206727,"y":0.8261969685554504,"z":-0.2490805834531784,"w":0.4838609993457794},"size":10.0,"orthographic":false}